[{"code":"","color":"#FF3F51B5","name":"Widget","typeName":"","palette":"138","type":"h","spec":"Widget"},{"code":"final ImageView %2$s_switch \u003d new ImageView(%3$s.this);\n%2$s.addView(%2$s_switch);\n\nif (%5$s) {\r\n\t%2$s_switch.setColorFilter(%6$s, PorterDuff.Mode.MULTIPLY);\r\n}\n\n%2$s_switch.setImageResource(R.drawable.switch_off_style%1$s);\n\n%2$s_switch.setOnClickListener(new View.OnClickListener() {\n\t@Override\n\tpublic void onClick(View _view) {\n\t\tif (%4$s) {\n\nObjectAnimator anim \u003d new ObjectAnimator();\nanim.setTarget(%2$s_switch);\nanim.setPropertyName(\"scaleX\");\nanim.setFloatValues((float)0.9);\nanim.setDuration((long)30);\nanim.start();\r\nObjectAnimator anim1 \u003d new ObjectAnimator();\nanim1.setTarget(%2$s_switch);\nanim1.setPropertyName(\"scaleY\");\nanim1.setFloatValues((float)0.9);\nanim1.setDuration((long)30);\nanim1.start();\r\nt1 \u003d new TimerTask() {\n\t\t@Override\n\t\tpublic void run() {\n\t\t\t\trunOnUiThread(new Runnable() {\n\t\t\t\t\t\t@Override\n\t\t\t\t\t\tpublic void run() {\r\n\t\t\t\tObjectAnimator anim2 \u003d new ObjectAnimator();\n\t\t\t\tanim2.setTarget(%2$s_switch);\n\t\t\t\tanim2.setPropertyName(\"scaleX\");\n\t\t\t\tanim2.setFloatValues((float)1.1);\n\t\t\t\tanim2.setDuration((long)50);\n\t\t\t\tanim2.start();\r\n\t\t\t\tObjectAnimator anim3 \u003d new ObjectAnimator();\n\t\t\t\tanim3.setTarget(%2$s_switch);\n\t\t\t\tanim3.setPropertyName(\"scaleY\");\n\t\t\t\tanim3.setFloatValues((float)1.1);\n\t\t\t\tanim3.setDuration((long)50);\n\t\t\t\tanim3.start();\r\n\t\t\t\tt2 \u003d new TimerTask() {\n\t\t\t\t\t\t\t\t\t\t@Override\n\t\t\t\t\t\t\t\t\t\tpublic void run() {\n\t\t\t\t\t\t\t\t\t\t\t\trunOnUiThread(new Runnable() {\n\t\t\t\t\t\t\t\t\t\t\t\t\t\t@Override\n\t\t\t\t\t\t\t\t\t\t\t\t\t\tpublic void run() {\n\t\t\t\t\t\t\t\t\t\t\t\t\t\t\t\r\n\t\t\t\t\t\t\t\tObjectAnimator anim4 \u003d new ObjectAnimator();\n\t\t\t\t\t\t\t\tanim4.setTarget(%2$s_switch);\n\t\t\t\t\t\t\t\tanim4.setPropertyName(\"scaleX\");\n\t\t\t\t\t\t\t\tanim4.setFloatValues((float)1);\n\t\t\t\t\t\t\t\tanim4.setDuration((long)30);\n\t\t\t\t\t\t\t\tanim4.start();\r\n\t\t\t\t\t\t\t\tObjectAnimator anim5 \u003d new ObjectAnimator();\n\t\t\t\t\t\t\t\tanim5.setTarget(%2$s_switch);\n\t\t\t\t\t\t\t\tanim5.setPropertyName(\"scaleY\");\n\t\t\t\t\t\t\t\tanim5.setFloatValues((float)1);\n\t\t\t\t\t\t\t\tanim5.setDuration((long)30);\n\t\t\t\t\t\t\t\tanim5.start();\r\n\t\t\t\t\t\t\t\t\n\t\t\t\t\t\t\t\t\t\t\t\t\t\t}\n\t\t\t\t\t\t\t\t\t\t\t\t});\n\t\t\t\t\t\t\t\t\t\t}\n\t\t\t\t\t\t\t\t};\n\t\t\t\t\t\t\t\t_timer.schedule(t2,(int)(50));\n\t\t\t\t\t\t}\n\t\t\t\t});\n\t\t}\n};\n_timer.schedule(t1, (int)(50));\r\n\t\t\t%2$s_switch.setImageResource(R.drawable.switch_off_style%1$s);\t\t\t\r\n\t\t\t%4$s \u003d false;\n%8$s\r\n\t\t}\r\n\telse {\nObjectAnimator anim \u003d new ObjectAnimator();\nanim.setTarget(%2$s_switch);\nanim.setPropertyName(\"scaleX\");\nanim.setFloatValues((float)0.9);\nanim.setDuration((long)30);\nanim.start();\r\nObjectAnimator anim1 \u003d new ObjectAnimator();\nanim1.setTarget(%2$s_switch);\nanim1.setPropertyName(\"scaleY\");\nanim1.setFloatValues((float)0.9);\nanim1.setDuration((long)30);\nanim1.start();\r\nt1 \u003d new TimerTask() {\n\t\t@Override\n\t\tpublic void run() {\n\t\t\t\trunOnUiThread(new Runnable() {\n\t\t\t\t\t\t@Override\n\t\t\t\t\t\tpublic void run() {\r\n\t\t\t\tObjectAnimator anim2 \u003d new ObjectAnimator();\n\t\t\t\tanim2.setTarget(%2$s_switch);\n\t\t\t\tanim2.setPropertyName(\"scaleX\");\n\t\t\t\tanim2.setFloatValues((float)1.1);\n\t\t\t\tanim2.setDuration((long)50);\n\t\t\t\tanim2.start();\r\n\t\t\t\tObjectAnimator anim3 \u003d new ObjectAnimator();\n\t\t\t\tanim3.setTarget(%2$s_switch);\n\t\t\t\tanim3.setPropertyName(\"scaleY\");\n\t\t\t\tanim3.setFloatValues((float)1.1);\n\t\t\t\tanim3.setDuration((long)50);\n\t\t\t\tanim3.start();\r\n\t\t\t\tt2 \u003d new TimerTask() {\n\t\t\t\t\t\t\t\t\t\t@Override\n\t\t\t\t\t\t\t\t\t\tpublic void run() {\n\t\t\t\t\t\t\t\t\t\t\t\trunOnUiThread(new Runnable() {\n\t\t\t\t\t\t\t\t\t\t\t\t\t\t@Override\n\t\t\t\t\t\t\t\t\t\t\t\t\t\tpublic void run() {\n\t\t\t\t\t\t\t\t\t\t\t\t\t\t\t\r\n\t\t\t\t\t\t\t\tObjectAnimator anim4 \u003d new ObjectAnimator();\n\t\t\t\t\t\t\t\tanim4.setTarget(%2$s_switch);\n\t\t\t\t\t\t\t\tanim4.setPropertyName(\"scaleX\");\n\t\t\t\t\t\t\t\tanim4.setFloatValues((float)1);\n\t\t\t\t\t\t\t\tanim4.setDuration((long)30);\n\t\t\t\t\t\t\t\tanim4.start();\r\n\t\t\t\t\t\t\t\tObjectAnimator anim5 \u003d new ObjectAnimator();\n\t\t\t\t\t\t\t\tanim5.setTarget(%2$s_switch);\n\t\t\t\t\t\t\t\tanim5.setPropertyName(\"scaleY\");\n\t\t\t\t\t\t\t\tanim5.setFloatValues((float)1);\n\t\t\t\t\t\t\t\tanim5.setDuration((long)30);\n\t\t\t\t\t\t\t\tanim5.start();\r\n\t\t\t\t\t\t\t\t\n\t\t\t\t\t\t\t\t\t\t\t\t\t\t}\n\t\t\t\t\t\t\t\t\t\t\t\t});\n\t\t\t\t\t\t\t\t\t\t}\n\t\t\t\t\t\t\t\t};\n\t\t\t\t\t\t\t\t_timer.schedule(t2,(int)(50));\n\t\t\t\t\t\t}\n\t\t\t\t});\n\t\t}\n};\n_timer.schedule(t1, (int)(50));\r\n\t%2$s_switch.setImageResource(R.drawable.switch_on_style%1$s);\n\t%4$s \u003d true;\n    %7$s\r\n\t\t}\n\t}\n});","color":"#FF3F51B5","name":"addvie","typeName":"","palette":"138","type":"e","spec":"Style Type %s Add Switch To %m.view  In Class %m.activity %b  As  SwitchListener. is Apply Color%b  %m.color ","spec2":"Is Checked⬆️ Else⬇️ %b"},{"code":"","color":"#FF3F51B5","name":"styles","typeName":"","palette":"138","type":"h","spec":"Style Types"},{"code":"0%1$s","color":"#FF1A237E","name":"st0","typeName":"","palette":"138","type":"s","spec":"✏Style1 | Graphic Type %s "},{"code":"1%1$s","color":"#FF1A237E","name":"st1","typeName":"","palette":"138","type":"s","spec":"✏Style2 | Graphic Type%s "},{"code":"2%1$s","color":"#FF1A237E","name":"st2","typeName":"","palette":"138","type":"s","spec":"✏Style3 | Graphics Type%s "},{"code":"3%1$s","color":"#FF1A237E","name":"st3","typeName":"","palette":"138","type":"s","spec":"✏Style4 | Graphics Type%s "},{"code":"","color":"#FF673AB7","name":"head2","typeName":"","palette":"138","type":"h","spec":"Graphics Type"},{"code":"_hd","color":"#FF673AB7","name":"hd","typeName":"","palette":"138","type":"s","spec":"HD pxl"},{"code":"_low","color":"#FF673AB7","name":"low","typeName":"","palette":"138","type":"s","spec":"100x40"}]